[{"age":60,"email":"gshoreson0@seattletimes.com","gender":"Male"},{"age":47,"email":"eweaben1@salon.com","gender":"Female"},{"age":27,"email":"akillerby2@gravatar.com","gender":"Male"},{"age":46,"email":"gsainz3@zdnet.com","gender":"Male"},{"age":72,"email":"bdanilewicz4@4shared.com","gender":"Male"},{"age":46,"email":"sdeerness5@wikispaces.com","gender":"Female"},{"age":53,"email":"jstillwell6@ustream.tv","gender":"Female"},{"age":29,"email":"mpriestland7@opera.com","gender":"Male"},{"age":39,"email":"nerickssen8@hatena.ne.jp","gender":"Female"},{"age":45,"email":"hparsell9@xing.com","gender":"Male"},{"age":26,"email":"acopasa@fda.gov","gender":"Male"},{"age":83,"email":"bdanielovitchb@jigsy.com","gender":"Male"},{"age":73,"email":"cwestbergc@psu.edu","gender":"Female"},{"age":30,"email":"jlarived@goodreads.com","gender":"Female"},{"age":69,"email":"mchallisse@ning.com","gender":"Female"},{"age":29,"email":"cbrognotf@ebay.co.uk","gender":"Male"},{"age":45,"email":"aphearg@tumblr.com","gender":"Male"},{"age":3,"email":"askogginsh@jugem.jp","gender":"Female"},{"age":34,"email":"eondraseki@deviantart.com","gender":"Female"},{"age":37,"email":"kcaswallj@is.gd","gender":"Female"},{"age":53,"email":"cpetrillok@cbsnews.com","gender":"Male"},{"age":58,"email":"bstratfordl@ted.com","gender":"Female"},{"age":83,"email":"mandreichikm@shareasale.com","gender":"Male"},{"age":47,"email":"jsegarn@sfgate.com","gender":"Male"},{"age":51,"email":"aurridgeo@purevolume.com","gender":"Male"},{"age":65,"email":"njandap@ebay.com","gender":"Male"},{"age":26,"email":"lwathallq@exblog.jp","gender":"Female"},{"age":57,"email":"aoveringtonr@canalblog.com","gender":"Female"},{"age":39,"email":"dbrellins@ft.com","gender":"Female"},{"age":26,"email":"ebukact@toplist.cz","gender":"Female"},{"age":48,"email":"wslimmeu@csmonitor.com","gender":"Male"},{"age":36,"email":"mkleinv@bigcartel.com","gender":"Female"},{"age":39,"email":"rtraffordw@nps.gov","gender":"Female"},{"age":60,"email":"aprobyx@people.com.cn","gender":"Male"},{"age":50,"email":"gojeday@51.la","gender":"Female"},{"age":32,"email":"dfroschz@youku.com","gender":"Female"},{"age":16,"email":"cgunnell10@delicious.com","gender":"Female"},{"age":95,"email":"slongley11@dot.gov","gender":"Male"},{"age":79,"email":"bcauderlie12@usda.gov","gender":"Female"},{"age":64,"email":"imaudlin13@de.vu","gender":"Female"},{"age":0,"email":"mbernard14@theatlantic.com","gender":"Male"},{"age":40,"email":"hmoulin15@tmall.com","gender":"Female"},{"age":38,"email":"hwateridge16@instagram.com","gender":"Male"},{"age":10,"email":"othackwray17@tinypic.com","gender":null},{"age":50,"email":"hchaudrelle18@youku.com","gender":"Male"},{"age":56,"email":"jpettengell19@bing.com","gender":"Male"},{"age":66,"email":"tcoulston1a@cnet.com","gender":"Male"},{"age":64,"email":"kpatifield1b@jiathis.com","gender":"Male"},{"age":15,"email":"ckelloway1c@loc.gov","gender":"Male"},{"age":60,"email":"amcgeffen1d@goo.ne.jp","gender":"Female"},{"age":56,"email":"csaltman1e@hc360.com","gender":"Male"},{"age":37,"email":"ldi pietro1f@networkadvertising.org","gender":"Female"},{"age":19,"email":"awinram1g@google.com","gender":"Male"},{"age":42,"email":"gdrabble1h@istockphoto.com","gender":"Female"},{"age":37,"email":"hwooldridge1i@globo.com","gender":"Male"},{"age":61,"email":"jtole1j@cnbc.com","gender":null},{"age":40,"email":"criccard1k@whitehouse.gov","gender":"Female"},{"age":46,"email":"ddeane1l@ocn.ne.jp","gender":"Female"},{"age":43,"email":"aaddeycott1m@uol.com.br","gender":"Male"},{"age":46,"email":"rbaughn1n@chicagotribune.com","gender":"Female"},{"age":28,"email":"jstollmeier1o@meetup.com","gender":"Male"},{"age":39,"email":"ebrugh1p@linkedin.com","gender":"Female"},{"age":49,"email":"lrapper1q@google.ca","gender":"Female"},{"age":37,"email":"ahanna1r@t.co","gender":"Male"},{"age":23,"email":"cbucklee1s@gizmodo.com","gender":"Female"},{"age":14,"email":"rquartley1t@163.com","gender":"Male"},{"age":45,"email":"pidiens1u@163.com","gender":"Female"},{"age":6,"email":"rbruyet1v@woothemes.com","gender":"Male"},{"age":56,"email":"mspini1w@youku.com","gender":"Male"},{"age":49,"email":"mmcclary1x@netlog.com","gender":"Female"},{"age":21,"email":"bmenham1y@cam.ac.uk","gender":"Male"},{"age":46,"email":"zpuvia1z@china.com.cn","gender":"Female"},{"age":33,"email":"jcoldbathe20@spotify.com","gender":"Female"},{"age":61,"email":"dbrosoli21@microsoft.com","gender":"Female"},{"age":3,"email":"vfinkle22@dailymail.co.uk","gender":"Female"},{"age":30,"email":"lleathem23@patch.com","gender":"Female"},{"age":38,"email":"pvaughn24@feedburner.com","gender":"Male"},{"age":38,"email":"gradborn25@free.fr","gender":"Female"},{"age":21,"email":"nsiddens26@mediafire.com","gender":"Male"},{"age":21,"email":"agrellier27@ucoz.com","gender":"Female"},{"age":58,"email":"rworpole28@independent.co.uk","gender":"Male"},{"age":15,"email":"eoglethorpe29@walmart.com","gender":"Female"},{"age":63,"email":"wexeter2a@google.pl","gender":"Male"},{"age":38,"email":"crevening2b@alibaba.com","gender":"Female"},{"age":40,"email":"edrewell2c@hhs.gov","gender":"Male"},{"age":34,"email":"mlamonby2d@deliciousdays.com","gender":"Female"},{"age":103,"email":"ldobrovsky2e@shutterfly.com","gender":"Female"},{"age":33,"email":"rwitchalls2f@gravatar.com","gender":"Female"},{"age":45,"email":"joakman2g@jimdo.com","gender":"Male"},{"age":44,"email":"lollett2h@i2i.jp","gender":"Male"},{"age":47,"email":"mgeering2i@linkedin.com","gender":"Female"},{"age":15,"email":"bdrewery2j@ebay.co.uk","gender":"Male"},{"age":89,"email":"wstopford2k@usnews.com","gender":"Male"},{"age":54,"email":"dcluley2l@apache.org","gender":"Male"},{"age":45,"email":"mteek2m@barnesandnoble.com","gender":"Male"},{"age":0,"email":"grearden2n@guardian.co.uk","gender":"Male"},{"age":32,"email":"pdeinhardt2o@opera.com","gender":"Male"},{"age":64,"email":"hbumford2p@cnbc.com","gender":"Male"},{"age":54,"email":"gbaldacchi2q@netlog.com","gender":"Male"},{"age":66,"email":"nbenkhe2r@foxnews.com","gender":"Male"},{"age":48,"email":"ktettley2s@pcworld.com","gender":"Male"},{"age":52,"email":"idrysdell2t@intel.com","gender":"Male"},{"age":54,"email":"mezele2u@miibeian.gov.cn","gender":"Female"},{"age":14,"email":"dpyrah2v@timesonline.co.uk","gender":"Female"},{"age":40,"email":"ccobon2w@apache.org","gender":"Female"},{"age":52,"email":"gnulty2x@dailymail.co.uk","gender":"Male"},{"age":60,"email":"bbeetles2y@vk.com","gender":"Female"},{"age":44,"email":"mgrigor2z@is.gd","gender":"Female"},{"age":40,"email":"eosband30@jalbum.net","gender":"Male"},{"age":45,"email":"jspring31@dmoz.org","gender":"Male"},{"age":20,"email":"djobern32@webs.com","gender":"Female"},{"age":39,"email":"adoncaster33@imdb.com","gender":"Male"},{"age":57,"email":"gtimmons34@ovh.net","gender":"Male"},{"age":29,"email":"atrice35@ifeng.com","gender":"Female"},{"age":10,"email":"mperrone36@nsw.gov.au","gender":"Male"},{"age":51,"email":"acastles37@jalbum.net","gender":"Female"},{"age":4,"email":"ohealey38@de.vu","gender":"Male"},{"age":76,"email":"ftsarovic39@soundcloud.com","gender":"Male"},{"age":66,"email":"ecroneen3a@example.com","gender":"Male"},{"age":48,"email":"bblague3b@zdnet.com","gender":"Male"},{"age":31,"email":"fkelleher3c@unc.edu","gender":"Male"},{"age":59,"email":"kmcglashan3d@redcross.org","gender":"Male"},{"age":38,"email":"cbottomley3e@nationalgeographic.com","gender":"Female"},{"age":47,"email":"jhobgen3f@usatoday.com","gender":"Male"},{"age":29,"email":"eamerici3g@ovh.net","gender":"Female"},{"age":34,"email":"gpellissier3h@dot.gov","gender":"Female"},{"age":39,"email":"ssilbermann3i@meetup.com","gender":"Female"},{"age":81,"email":"mwinterbotham3j@goodreads.com","gender":"Female"},{"age":49,"email":"sketchell3k@cnet.com","gender":null},{"age":42,"email":"sdrogan3l@wikimedia.org","gender":"Female"},{"age":79,"email":"iangerstein3m@squarespace.com","gender":"Female"},{"age":25,"email":"lsineath3n@goo.ne.jp","gender":"Female"},{"age":44,"email":"ksargood3o@blinklist.com","gender":"Male"},{"age":45,"email":"tspeechly3p@mapy.cz","gender":"Male"},{"age":37,"email":"sklemz3q@miibeian.gov.cn","gender":"Male"},{"age":69,"email":"estuck3r@globo.com","gender":"Female"},{"age":51,"email":"ghustler3s@loc.gov","gender":"Male"},{"age":33,"email":"acoutthart3t@huffingtonpost.com","gender":"Male"},{"age":36,"email":"lmulcaster3u@php.net","gender":"Female"},{"age":5,"email":"gtye3v@4shared.com","gender":"Female"},{"age":74,"email":"charvison3w@harvard.edu","gender":"Female"},{"age":53,"email":"ilessmare3x@cnbc.com","gender":"Female"},{"age":26,"email":"caylett3y@smugmug.com","gender":"Male"},{"age":19,"email":"cmeech3z@artisteer.com","gender":"Female"},{"age":16,"email":"fslatford40@ifeng.com","gender":"Male"},{"age":10,"email":"tmccoughan41@indiegogo.com","gender":"Female"},{"age":65,"email":"dmagnar42@bbc.co.uk","gender":"Male"},{"age":68,"email":"rzambonini43@harvard.edu","gender":"Male"},{"age":5,"email":"bkynson44@ft.com","gender":"Male"},{"age":21,"email":"vstarte45@thetimes.co.uk","gender":"Male"},{"age":51,"email":"cvaskin46@imgur.com","gender":"Female"},{"age":63,"email":"cchapell47@hatena.ne.jp","gender":"Female"},{"age":58,"email":"rmylechreest48@hatena.ne.jp","gender":"Female"},{"age":50,"email":"csadlier49@example.com","gender":"Female"},{"age":47,"email":"lbranche4a@nsw.gov.au","gender":"Male"},{"age":35,"email":"pissitt4b@wikimedia.org","gender":"Male"},{"age":72,"email":"hburston4c@narod.ru","gender":"Male"},{"age":14,"email":"fphilbin4d@etsy.com","gender":"Female"},{"age":48,"email":"bdumberrill4e@yale.edu","gender":"Female"},{"age":44,"email":"ghaggish4f@geocities.jp","gender":"Male"},{"age":47,"email":"jvail4g@theguardian.com","gender":"Male"},{"age":48,"email":"fchecketts4h@creativecommons.org","gender":"Female"},{"age":49,"email":"pabrahamian4i@msu.edu","gender":"Female"},{"age":35,"email":"kbromfield4j@nytimes.com","gender":"Male"},{"age":59,"email":"kpaffot4k@reverbnation.com","gender":"Male"},{"age":63,"email":"gmayou4l@elegantthemes.com","gender":"Female"},{"age":75,"email":"jwallas4m@zimbio.com","gender":"Female"},{"age":57,"email":"slukasen4n@squarespace.com","gender":"Female"},{"age":38,"email":"jcaswell4o@weibo.com","gender":"Male"},{"age":21,"email":"dudy4p@prweb.com","gender":"Female"},{"age":50,"email":"arearie4q@liveinternet.ru","gender":"Male"},{"age":40,"email":"llongrigg4r@ifeng.com","gender":"Female"},{"age":31,"email":"fanslow4s@wikipedia.org","gender":"Female"},{"age":65,"email":"imarven4t@weather.com","gender":"Male"},{"age":18,"email":"gwhyard4u@sina.com.cn","gender":"Male"},{"age":15,"email":"agudgen4v@guardian.co.uk","gender":"Female"},{"age":16,"email":"wmulhall4w@tripadvisor.com","gender":"Male"},{"age":50,"email":"craittie4x@uol.com.br","gender":"Female"},{"age":29,"email":"ccoutthart4y@oracle.com","gender":"Female"},{"age":42,"email":"mzeal4z@tinyurl.com","gender":"Male"},{"age":61,"email":"vverillo50@techcrunch.com","gender":"Male"},{"age":46,"email":"aadamides51@wikimedia.org","gender":"Male"},{"age":28,"email":"mcamock52@unicef.org","gender":"Female"},{"age":56,"email":"cdegnen53@omniture.com","gender":"Male"},{"age":7,"email":"dchattock54@google.fr","gender":"Male"},{"age":55,"email":"cormston55@reverbnation.com","gender":"Male"},{"age":63,"email":"spurple56@state.tx.us","gender":"Male"},{"age":29,"email":"achandler57@google.de","gender":"Female"},{"age":20,"email":"nalvarez58@twitter.com","gender":"Female"},{"age":48,"email":"fbeach59@dmoz.org","gender":"Male"},{"age":89,"email":"nroseborough5a@stumbleupon.com","gender":"Female"},{"age":76,"email":"lcrier5b@altervista.org","gender":"Male"},{"age":43,"email":"emoat5c@topsy.com","gender":"Male"},{"age":51,"email":"cwippermann5d@nationalgeographic.com","gender":"Male"},{"age":43,"email":"nholston5e@unc.edu","gender":"Female"},{"age":47,"email":"lbonallack5f@sun.com","gender":"Male"},{"age":82,"email":"mpimbley5g@gizmodo.com","gender":"Male"},{"age":66,"email":"hbuddle5h@godaddy.com","gender":"Male"},{"age":22,"email":"msexty5i@newsvine.com","gender":"Male"},{"age":25,"email":"cwisker5j@samsung.com","gender":"Female"},{"age":52,"email":"bluety5k@google.com.br","gender":"Female"},{"age":61,"email":"rkinkaid5l@businesswire.com","gender":"Female"},{"age":35,"email":"fclilverd5m@go.com","gender":"Male"},{"age":58,"email":"abiffin5n@cnet.com","gender":"Female"},{"age":2,"email":"theinrici5o@fotki.com","gender":"Male"},{"age":42,"email":"khing5p@gmpg.org","gender":"Male"},{"age":60,"email":"sbinner5q@nih.gov","gender":"Female"},{"age":51,"email":"mgaishson5r@digg.com","gender":"Female"},{"age":63,"email":"mcobleigh5s@blogs.com","gender":"Female"},{"age":36,"email":"ggribbell5t@google.de","gender":null},{"age":61,"email":"mchalmers5u@yellowpages.com","gender":"Male"},{"age":56,"email":"aguiraud5v@europa.eu","gender":"Male"},{"age":70,"email":"raidler5w@purevolume.com","gender":"Male"},{"age":78,"email":"myo5x@wikia.com","gender":null},{"age":50,"email":"djohncey5y@tamu.edu","gender":"Female"},{"age":63,"email":"clittler5z@ca.gov","gender":"Male"},{"age":85,"email":"rchestney60@dailymotion.com","gender":"Female"},{"age":22,"email":"lrenshaw61@usnews.com","gender":"Female"},{"age":22,"email":"sguite62@columbia.edu","gender":"Female"},{"age":11,"email":"jblazek63@wix.com","gender":"Female"},{"age":41,"email":"mjosefowicz64@google.de","gender":"Male"},{"age":67,"email":"lgillease65@army.mil","gender":"Female"},{"age":9,"email":"mavramov66@github.io","gender":"Male"},{"age":63,"email":"rbrushneen67@europa.eu","gender":"Female"},{"age":7,"email":"hrandles68@vkontakte.ru","gender":"Male"},{"age":54,"email":"sjolliff69@psu.edu","gender":"Male"},{"age":31,"email":"bpaoletti6a@miibeian.gov.cn","gender":"Male"},{"age":13,"email":"lolyet6b@webmd.com","gender":"Male"},{"age":38,"email":"yduncan6c@hugedomains.com","gender":"Female"},{"age":56,"email":"kgriggs6d@nsw.gov.au","gender":"Female"},{"age":49,"email":"nfarres6e@surveymonkey.com","gender":"Male"},{"age":44,"email":"mmallabon6f@hatena.ne.jp","gender":"Male"},{"age":30,"email":"tbeaument6g@1und1.de","gender":"Female"},{"age":51,"email":"bmolson6h@aol.com","gender":"Male"},{"age":85,"email":"jleathem6i@msn.com","gender":"Female"},{"age":49,"email":"tcordle6j@thetimes.co.uk","gender":"Female"},{"age":45,"email":"ccrimes6k@businesswire.com","gender":"Female"},{"age":47,"email":"hvidgen6l@lycos.com","gender":"Female"},{"age":22,"email":"chambrick6m@unesco.org","gender":"Male"},{"age":33,"email":"ebradnocke6n@wsj.com","gender":"Female"},{"age":30,"email":"sincogna6o@psu.edu","gender":"Male"},{"age":56,"email":"dmcconway6p@dion.ne.jp","gender":"Male"},{"age":9,"email":"ltiebe6q@ox.ac.uk","gender":"Male"},{"age":49,"email":"zcamillo6r@discuz.net","gender":"Male"},{"age":53,"email":"cwickett6s@wp.com","gender":"Female"},{"age":69,"email":"rmacterlagh6t@loc.gov","gender":"Female"},{"age":45,"email":"mbiever6u@uol.com.br","gender":"Female"},{"age":34,"email":"yoxley6v@reverbnation.com","gender":"Male"},{"age":62,"email":"danchor6w@whitehouse.gov","gender":"Female"},{"age":51,"email":"arosengren6x@disqus.com","gender":"Male"},{"age":53,"email":"ptire6y@nasa.gov","gender":"Female"},{"age":55,"email":"rrudgard6z@jalbum.net","gender":"Female"},{"age":36,"email":"cpowdrell70@github.io","gender":"Female"},{"age":35,"email":"kmcallester71@bluehost.com","gender":"Female"},{"age":36,"email":"rcerro72@pinterest.com","gender":"Male"},{"age":70,"email":"sscrase73@51.la","gender":"Male"},{"age":19,"email":"bcashell74@themeforest.net","gender":"Male"},{"age":28,"email":"zgilbey75@webmd.com","gender":"Male"},{"age":35,"email":"kpeyto76@jimdo.com","gender":"Female"},{"age":69,"email":"bebbin77@cdbaby.com","gender":"Female"},{"age":42,"email":"jdodimead78@npr.org","gender":null},{"age":94,"email":"emaclardie79@tumblr.com","gender":"Female"},{"age":53,"email":"co'kenny7a@netscape.com","gender":"Female"},{"age":45,"email":"aperott7b@storify.com","gender":"Female"},{"age":77,"email":"sliveing7c@etsy.com","gender":"Male"},{"age":85,"email":"pdust7d@msn.com","gender":"Male"},{"age":63,"email":"ccunnow7e@webs.com","gender":"Female"},{"age":33,"email":"dhrinishin7f@ed.gov","gender":"Male"},{"age":11,"email":"bcrother7g@cafepress.com","gender":"Male"},{"age":57,"email":"ovan arsdale7h@g.co","gender":"Male"},{"age":22,"email":"amanifould7i@imdb.com","gender":"Male"},{"age":60,"email":"ldankersley7j@mysql.com","gender":"Female"},{"age":38,"email":"vrains7k@typepad.com","gender":"Male"},{"age":56,"email":"dfadian7l@is.gd","gender":"Female"},{"age":7,"email":"jwint7m@sfgate.com","gender":"Male"},{"age":25,"email":"pjenno7n@youku.com","gender":"Female"},{"age":3,"email":"iaberdeen7o@webs.com","gender":"Male"},{"age":35,"email":"ckits7p@blogtalkradio.com","gender":"Male"},{"age":34,"email":"rduckitt7q@drupal.org","gender":"Male"},{"age":56,"email":"ckeetch7r@sohu.com","gender":"Female"},{"age":64,"email":"akester7s@ca.gov","gender":"Female"},{"age":48,"email":"bhaddinton7t@hibu.com","gender":"Male"},{"age":32,"email":"dhellens7u@businesswire.com","gender":"Male"},{"age":47,"email":"hpyott7v@senate.gov","gender":"Male"},{"age":47,"email":"mchettoe7w@issuu.com","gender":"Female"},{"age":28,"email":"trhymes7x@chronoengine.com","gender":"Female"},{"age":20,"email":"aansett7y@facebook.com","gender":"Male"},{"age":57,"email":"candreotti7z@usatoday.com","gender":"Male"},{"age":47,"email":"jboots80@biblegateway.com","gender":"Female"},{"age":51,"email":"shessenthaler81@mysql.com","gender":"Male"},{"age":28,"email":"amewis82@photobucket.com","gender":"Female"},{"age":22,"email":"apacitti83@google.ca","gender":"Male"},{"age":47,"email":"dmaguire84@livejournal.com","gender":"Female"},{"age":42,"email":"gclementel85@yandex.ru","gender":"Male"},{"age":44,"email":"rtoderi86@geocities.com","gender":"Female"},{"age":30,"email":"pspinas87@nps.gov","gender":"Female"},{"age":47,"email":"lmeasey88@chicagotribune.com","gender":"Male"},{"age":40,"email":"ccuchey89@virginia.edu","gender":"Female"},{"age":35,"email":"agillanders8a@istockphoto.com","gender":"Male"},{"age":43,"email":"zmossop8b@scientificamerican.com","gender":"Male"},{"age":60,"email":"kcarrane8c@feedburner.com","gender":"Male"},{"age":3,"email":"sdurtnell8d@gnu.org","gender":"Male"},{"age":48,"email":"nradki8e@virginia.edu","gender":"Male"},{"age":17,"email":"wmccaughey8f@bloomberg.com","gender":"Male"},{"age":48,"email":"hrearie8g@github.io","gender":"Male"},{"age":6,"email":"asawfoot8h@jiathis.com","gender":"Male"},{"age":40,"email":"cterren8i@nifty.com","gender":"Female"},{"age":23,"email":"arickersy8j@ebay.co.uk","gender":"Male"},{"age":50,"email":"sdunkerley8k@cdc.gov","gender":"Female"},{"age":39,"email":"thallybone8l@netlog.com","gender":"Female"},{"age":47,"email":"tcall8m@sogou.com","gender":"Male"},{"age":34,"email":"glosselyong8n@naver.com","gender":"Male"},{"age":30,"email":"sbiesinger8o@symantec.com","gender":"Male"},{"age":19,"email":"uwinstanley8p@imgur.com","gender":"Female"},{"age":40,"email":"anewcome8q@vk.com","gender":"Female"},{"age":49,"email":"cglowinski8r@vistaprint.com","gender":"Female"},{"age":35,"email":"rdunbabin8s@ocn.ne.jp","gender":"Female"},{"age":33,"email":"sbuten8t@dmoz.org","gender":"Female"},{"age":33,"email":"nemmert8u@geocities.jp","gender":"Male"},{"age":37,"email":"cbasilone8v@uiuc.edu","gender":"Female"},{"age":65,"email":"rdi filippo8w@sitemeter.com","gender":"Female"},{"age":59,"email":"lstevings8x@goo.gl","gender":"Female"},{"age":31,"email":"rnatte8y@sogou.com","gender":"Female"},{"age":75,"email":"kskakunas8z@comsenz.com","gender":"Female"},{"age":34,"email":"gwrathmall90@narod.ru","gender":"Female"},{"age":65,"email":"cbaudry91@google.nl","gender":"Male"},{"age":59,"email":"aswatheridge92@wufoo.com","gender":"Male"},{"age":84,"email":"xkleinstein93@hatena.ne.jp","gender":"Female"},{"age":50,"email":"wrooney94@nih.gov","gender":"Male"},{"age":45,"email":"dandriveaux95@taobao.com","gender":"Male"},{"age":85,"email":"tmcilroy96@cafepress.com","gender":"Male"},{"age":36,"email":"ykreuzer97@java.com","gender":"Female"},{"age":67,"email":"rnairne98@altervista.org","gender":"Female"},{"age":13,"email":"disham99@simplemachines.org","gender":"Male"},{"age":87,"email":"parnecke9a@furl.net","gender":null},{"age":61,"email":"dgaffer9b@cbslocal.com","gender":"Female"},{"age":46,"email":"bmewha9c@ow.ly","gender":"Male"},{"age":36,"email":"ddaid9d@nationalgeographic.com","gender":"Male"},{"age":41,"email":"fkwiek9e@360.cn","gender":"Male"},{"age":48,"email":"lmassard9f@marriott.com","gender":"Female"},{"age":68,"email":"msottell9g@ucla.edu","gender":"Female"},{"age":66,"email":"kolyfat9h@furl.net","gender":"Female"},{"age":41,"email":"jfarnell9i@tuttocitta.it","gender":"Male"},{"age":45,"email":"celsie9j@delicious.com","gender":"Male"},{"age":57,"email":"smosconi9k@bbb.org","gender":"Female"},{"age":50,"email":"tmaffione9l@hud.gov","gender":"Female"},{"age":36,"email":"ntregidga9m@tmall.com","gender":"Female"},{"age":37,"email":"sjobling9n@dailymotion.com","gender":"Male"},{"age":16,"email":"dshelf9o@webmd.com","gender":"Male"},{"age":33,"email":"gsawney9p@prlog.org","gender":null},{"age":56,"email":"akidde9q@com.com","gender":"Female"},{"age":54,"email":"eacuna9r@dedecms.com","gender":"Male"},{"age":81,"email":"ppennicott9s@state.tx.us","gender":"Female"},{"age":7,"email":"vsagg9t@cnn.com","gender":"Male"},{"age":25,"email":"cdaviddi9u@spiegel.de","gender":"Female"},{"age":77,"email":"smcmonnies9v@bizjournals.com","gender":"Female"},{"age":42,"email":"ajewsbury9w@com.com","gender":"Female"},{"age":42,"email":"aquilkin9x@rakuten.co.jp","gender":"Female"},{"age":36,"email":"bdenslow9y@nature.com","gender":"Male"},{"age":40,"email":"rwoodroffe9z@vk.com","gender":"Male"},{"age":49,"email":"bcowterda0@dyndns.org","gender":null},{"age":57,"email":"pottawella1@washingtonpost.com","gender":"Male"},{"age":42,"email":"cweddeburn - scrimgeoura2@java.com","gender":"Female"},{"age":29,"email":"kbenoia3@cnbc.com","gender":"Female"},{"age":52,"email":"bhellmera4@rakuten.co.jp","gender":"Male"},{"age":39,"email":"mjoshama5@bandcamp.com","gender":"Female"},{"age":72,"email":"ddevoa6@oracle.com","gender":"Male"},{"age":35,"email":"fmaggioria7@princeton.edu","gender":"Male"},{"age":34,"email":"rgarnalla8@mail.ru","gender":"Male"},{"age":60,"email":"cshingfielda9@tumblr.com","gender":"Female"},{"age":42,"email":"vstumpaa@ifeng.com","gender":"Female"},{"age":20,"email":"arossoniab@admin.ch","gender":"Male"},{"age":39,"email":"kmeffinac@reverbnation.com","gender":"Female"},{"age":63,"email":"gbattistaad@comcast.net","gender":"Male"},{"age":22,"email":"gchaunceae@abc.net.au","gender":"Female"},{"age":45,"email":"mdaverenaf@kickstarter.com","gender":"Female"},{"age":72,"email":"deatttokag@webmd.com","gender":"Male"},{"age":41,"email":"zde robertisah@flavors.me","gender":"Female"},{"age":23,"email":"sgullandai@state.tx.us","gender":"Male"},{"age":52,"email":"bdykaaj@tinypic.com","gender":"Female"},{"age":42,"email":"lgartshoreak@linkedin.com","gender":"Female"},{"age":39,"email":"bhessayal@lycos.com","gender":"Female"},{"age":73,"email":"milieveam@latimes.com","gender":"Female"},{"age":23,"email":"hkurtonan@harvard.edu","gender":"Male"},{"age":46,"email":"eacresao@storify.com","gender":"Male"},{"age":46,"email":"jsallterap@harvard.edu","gender":"Male"},{"age":30,"email":"cvartyaq@gnu.org","gender":"Male"},{"age":34,"email":"alivensar@zimbio.com","gender":"Female"},{"age":38,"email":"wmatussowas@dot.gov","gender":"Male"},{"age":33,"email":"sbeagrieat@list-manage.com","gender":"Male"},{"age":65,"email":"raspinallau@ow.ly","gender":"Female"},{"age":20,"email":"nfiggsav@reverbnation.com","gender":"Female"},{"age":37,"email":"wswindlehurstaw@purevolume.com","gender":"Male"},{"age":40,"email":"jconnueax@ehow.com","gender":"Female"},{"age":25,"email":"sgarraltsay@bandcamp.com","gender":"Male"},{"age":35,"email":"kgodleyaz@networksolutions.com","gender":"Male"},{"age":70,"email":"aclaussenb0@icio.us","gender":"Female"},{"age":32,"email":"skemberyb1@kickstarter.com","gender":"Female"},{"age":41,"email":"csnellmanb2@flavors.me","gender":"Female"},{"age":18,"email":"tbillingb3@mlb.com","gender":null},{"age":38,"email":"ikemsterb4@bigcartel.com","gender":"Male"},{"age":61,"email":"cdonoghueb5@meetup.com","gender":"Male"},{"age":66,"email":"tloxtonb6@etsy.com","gender":"Male"},{"age":21,"email":"ro'hartnettb7@google.es","gender":"Male"},{"age":54,"email":"scalafateb8@godaddy.com","gender":null},{"age":45,"email":"htodarob9@gravatar.com","gender":"Female"},{"age":18,"email":"cdoughteryba@chicagotribune.com","gender":"Male"},{"age":57,"email":"bpepinbb@wikipedia.org","gender":"Male"},{"age":83,"email":"hfranzkebc@dion.ne.jp","gender":"Male"},{"age":18,"email":"vfilyakovbd@dot.gov","gender":"Female"},{"age":38,"email":"ginnisbe@blogs.com","gender":"Female"},{"age":64,"email":"mdrainsbf@woothemes.com","gender":"Male"},{"age":58,"email":"mvonderdellbg@amazon.co.jp","gender":"Female"},{"age":71,"email":"gmewittbh@xrea.com","gender":"Male"},{"age":57,"email":"mo' flahertybi@fotki.com","gender":"Female"},{"age":36,"email":"sscaliabj@comcast.net","gender":"Male"},{"age":70,"email":"jwherrybk@redcross.org","gender":"Male"},{"age":35,"email":"scunliffebl@nyu.edu","gender":"Female"},{"age":22,"email":"cpardeybm@digg.com","gender":"Male"},{"age":36,"email":"awintersonbn@bluehost.com","gender":"Female"},{"age":1,"email":"ssangrabo@go.com","gender":"Female"},{"age":64,"email":"gormanbp@ebay.co.uk","gender":"Male"},{"age":34,"email":"smacneilagebq@accuweather.com","gender":"Male"},{"age":36,"email":"awilkennsonbr@rambler.ru","gender":"Female"},{"age":8,"email":"ljustebs@abc.net.au","gender":"Male"},{"age":59,"email":"fallebonebt@domainmarket.com","gender":"Male"},{"age":28,"email":"fhepherbu@tinyurl.com","gender":"Male"},{"age":90,"email":"rschneidarbv@geocities.jp","gender":"Male"},{"age":60,"email":"acheesemanbw@arizona.edu","gender":"Female"},{"age":34,"email":"jkobusbx@cbc.ca","gender":"Female"},{"age":35,"email":"cfarthingby@scientificamerican.com","gender":"Female"},{"age":19,"email":"dfinnanbz@flickr.com","gender":"Female"},{"age":9,"email":"wjexc0@usatoday.com","gender":"Female"},{"age":34,"email":"ghalletc1@smh.com.au","gender":"Male"},{"age":29,"email":"agasparroc2@jalbum.net","gender":"Female"},{"age":65,"email":"fkingshottc3@sogou.com","gender":"Female"},{"age":7,"email":"eburgisic4@springer.com","gender":"Male"},{"age":36,"email":"sdavenhallc5@nbcnews.com","gender":"Female"},{"age":38,"email":"ccossentinec6@youtu.be","gender":"Female"},{"age":59,"email":"eshoutec7@etsy.com","gender":"Male"},{"age":71,"email":"akindleysidesc8@usda.gov","gender":"Male"},{"age":52,"email":"gdedenhamc9@shop-pro.jp","gender":"Female"},{"age":39,"email":"cbelfca@youtu.be","gender":"Female"},{"age":30,"email":"sledgistercb@51.la","gender":null},{"age":55,"email":"dculligancc@sphinn.com","gender":"Male"},{"age":59,"email":"mvasyaevcd@sogou.com","gender":"Male"},{"age":39,"email":"hwilderspoonce@samsung.com","gender":"Female"},{"age":31,"email":"doldcroftcf@ed.gov","gender":"Male"},{"age":70,"email":"ojosephoffcg@goo.gl","gender":"Male"},{"age":31,"email":"abendigch@blogspot.com","gender":"Female"},{"age":48,"email":"htollerfieldci@amazon.com","gender":"Female"},{"age":27,"email":"shandrikcj@typepad.com","gender":"Male"},{"age":41,"email":"ejacobsonck@ebay.co.uk","gender":"Female"},{"age":52,"email":"jexcellcl@answers.com","gender":"Male"},{"age":53,"email":"ltwidlecm@goo.gl","gender":"Female"},{"age":59,"email":"hfeandercn@reference.com","gender":"Male"},{"age":40,"email":"mloryco@dyndns.org","gender":"Female"},{"age":53,"email":"mjessupcp@nhs.uk","gender":"Female"},{"age":49,"email":"rbathcq@newsvine.com","gender":"Male"},{"age":77,"email":"nnussgencr@blogs.com","gender":"Male"},{"age":48,"email":"smcfatercs@wp.com","gender":"Male"},{"age":35,"email":"cschowenburgct@wunderground.com","gender":"Female"},{"age":37,"email":"sbabonaucu@sina.com.cn","gender":"Female"},{"age":69,"email":"jlemarycv@globo.com","gender":"Male"},{"age":40,"email":"vjadocw@yale.edu","gender":"Female"},{"age":36,"email":"dhammantcx@reddit.com","gender":"Female"},{"age":27,"email":"hstaniercy@e-recht24.de","gender":"Male"},{"age":0,"email":"vkordtcz@nbcnews.com","gender":"Male"},{"age":53,"email":"bmacwilliamd0@sun.com","gender":null},{"age":57,"email":"ccoased1@stumbleupon.com","gender":"Male"},{"age":16,"email":"kalwind2@tamu.edu","gender":"Male"},{"age":28,"email":"hoakeshottd3@dropbox.com","gender":"Female"},{"age":45,"email":"cniced4@miibeian.gov.cn","gender":"Male"},{"age":57,"email":"ifirbankd5@about.me","gender":"Female"},{"age":20,"email":"dmorrisond6@shutterfly.com","gender":"Female"},{"age":34,"email":"pboxerd7@last.fm","gender":"Male"},{"age":59,"email":"ksansamd8@bizjournals.com","gender":"Male"},{"age":47,"email":"rbunnd9@howstuffworks.com","gender":"Female"},{"age":52,"email":"tmelmarda@jigsy.com","gender":"Female"},{"age":64,"email":"rithelldb@wordpress.com","gender":"Male"},{"age":10,"email":"rdearmandc@comsenz.com","gender":"Female"},{"age":17,"email":"hmoberleydd@sbwire.com","gender":"Male"},{"age":29,"email":"kgallatlyde@businessweek.com","gender":"Female"},{"age":57,"email":"awauchopedf@yandex.ru","gender":"Male"},{"age":31,"email":"rgabeydg@mashable.com","gender":"Female"},{"age":30,"email":"sturridh@jalbum.net","gender":"Female"},{"age":34,"email":"selgeedi@fda.gov","gender":"Male"},{"age":83,"email":"lcutforddj@drupal.org","gender":"Male"},{"age":24,"email":"cmclicedk@scribd.com","gender":"Female"},{"age":33,"email":"rbrandindl@domainmarket.com","gender":"Male"},{"age":50,"email":"mmcganndm@cloudflare.com","gender":"Male"},{"age":31,"email":"lkarolczykdn@163.com","gender":"Male"},{"age":51,"email":"gsilverdo@tripadvisor.com","gender":"Female"},{"age":53,"email":"goffadp@scribd.com","gender":"Male"},{"age":13,"email":"stofflerdq@facebook.com","gender":"Male"},{"age":52,"email":"mweedondr@godaddy.com","gender":"Female"},{"age":60,"email":"brotlaufds@myspace.com","gender":"Male"},{"age":68,"email":"jhewlingsdt@psu.edu","gender":"Female"},{"age":24,"email":"eblazidu@w3.org","gender":"Male"},{"age":39,"email":"jgegaydv@nyu.edu","gender":"Female"},{"age":36,"email":"dst louisdw@feedburner.com","gender":null},{"age":99,"email":"eklimtdx@mail.ru","gender":"Female"},{"age":35,"email":"lantoschdy@mayoclinic.com","gender":"Male"},{"age":26,"email":"mnockoldsdz@netscape.com","gender":"Male"},{"age":66,"email":"amograe0@google.com.au","gender":"Female"},{"age":44,"email":"kochiltreee1@about.me","gender":"Female"},{"age":55,"email":"hbertolaccinie2@1688.com","gender":"Female"},{"age":29,"email":"gsainge3@twitpic.com","gender":"Male"},{"age":24,"email":"mfardelle4@microsoft.com","gender":"Male"},{"age":57,"email":"aplaile5@unicef.org","gender":"Male"},{"age":56,"email":"cvaughtone6@bloglovin.com","gender":"Male"},{"age":10,"email":"wwalnee7@sourceforge.net","gender":"Male"},{"age":45,"email":"jmacpeicee8@sun.com","gender":"Male"},{"age":84,"email":"gdacree9@who.int","gender":"Female"},{"age":85,"email":"atrembleea@berkeley.edu","gender":"Male"},{"age":38,"email":"eyeamaneb@bing.com","gender":"Female"},{"age":37,"email":"dviantec@ovh.net","gender":"Female"},{"age":85,"email":"cpridieed@goo.ne.jp","gender":"Male"},{"age":48,"email":"msangeree@statcounter.com","gender":"Male"},{"age":43,"email":"pansleyef@clickbank.net","gender":"Female"},{"age":42,"email":"pmoyerseg@sfgate.com","gender":"Female"},{"age":54,"email":"adudnyeh@sourceforge.net","gender":"Female"},{"age":42,"email":"emessumei@cisco.com","gender":"Male"},{"age":84,"email":"zrasmusej@icq.com","gender":"Male"},{"age":63,"email":"ccluleeek@istockphoto.com","gender":"Male"},{"age":19,"email":"bguidoneel@apache.org","gender":"Male"},{"age":68,"email":"okibblewhiteem@edublogs.org","gender":"Male"},{"age":2,"email":"vcomminen@deviantart.com","gender":"Female"},{"age":24,"email":"cbarajaseo@home.pl","gender":"Female"},{"age":66,"email":"mcranefieldep@qq.com","gender":"Female"},{"age":60,"email":"idaneleteq@accuweather.com","gender":"Female"},{"age":29,"email":"jcleeer@jalbum.net","gender":"Female"},{"age":28,"email":"tashburnees@rambler.ru","gender":null},{"age":36,"email":"sbirraneet@fc2.com","gender":"Male"},{"age":23,"email":"fbarucheu@virginia.edu","gender":"Female"},{"age":70,"email":"hpargentev@microsoft.com","gender":"Male"},{"age":20,"email":"lthunderchiefew@yandex.ru","gender":"Male"},{"age":83,"email":"djeannetex@lulu.com","gender":"Female"},{"age":51,"email":"ndoutchey@ebay.co.uk","gender":"Male"},{"age":39,"email":"mloreyez@mac.com","gender":"Female"},{"age":53,"email":"khellicarf0@sciencedirect.com","gender":"Female"},{"age":21,"email":"pcousenf1@rediff.com","gender":"Female"},{"age":42,"email":"emunnisf2@canalblog.com","gender":"Male"},{"age":64,"email":"hdobrowskif3@digg.com","gender":"Male"},{"age":70,"email":"wygouf4@engadget.com","gender":"Male"},{"age":27,"email":"mplimmerf5@about.me","gender":"Female"},{"age":0,"email":"jkiernanf6@wordpress.com","gender":"Female"},{"age":34,"email":"jdunniomf7@cpanel.net","gender":"Female"},{"age":65,"email":"tpenningsf8@youtu.be","gender":"Male"},{"age":14,"email":"zepelettf9@alibaba.com","gender":"Male"},{"age":28,"email":"flarvinfa@pen.io","gender":"Male"},{"age":37,"email":"qscogginsfb@cyberchimps.com","gender":"Female"},{"age":18,"email":"hbatchleyfc@va.gov","gender":"Female"},{"age":34,"email":"eakriggfd@biglobe.ne.jp","gender":"Male"},{"age":31,"email":"kdirrfe@infoseek.co.jp","gender":"Female"},{"age":39,"email":"nbestwerthickff@dailymail.co.uk","gender":"Female"},{"age":52,"email":"emacvicarfg@163.com","gender":"Female"},{"age":34,"email":"cst louisfh@devhub.com","gender":"Female"},{"age":62,"email":"adeavinfi@tripod.com","gender":"Male"},{"age":92,"email":"afeenyfj@shutterfly.com","gender":"Male"},{"age":25,"email":"hkaradzasfk@nasa.gov","gender":"Male"},{"age":54,"email":"kslocomfl@state.tx.us","gender":"Female"},{"age":47,"email":"jfraynefm@springer.com","gender":"Male"},{"age":54,"email":"lordfn@noaa.gov","gender":"Male"},{"age":52,"email":"mspaicefo@homestead.com","gender":"Female"},{"age":53,"email":"gmuzzifp@cornell.edu","gender":"Male"},{"age":77,"email":"rmccarrellfq@google.ru","gender":"Male"},{"age":64,"email":"plillofr@istockphoto.com","gender":"Male"},{"age":57,"email":"jbaylisfs@mlb.com","gender":"Male"},{"age":30,"email":"cellsonft@sun.com","gender":"Male"},{"age":15,"email":"kcardoefu@studiopress.com","gender":"Male"},{"age":28,"email":"sbellamfv@ca.gov","gender":"Male"},{"age":15,"email":"gmatijasevicfw@yolasite.com","gender":"Male"},{"age":36,"email":"kkalkoferfx@1und1.de","gender":"Female"},{"age":57,"email":"amussettify@mlb.com","gender":"Male"},{"age":39,"email":"soleksinskifz@newsvine.com","gender":"Female"},{"age":34,"email":"sfeltong0@soundcloud.com","gender":"Female"},{"age":48,"email":"eschultzeg1@theglobeandmail.com","gender":"Female"},{"age":9,"email":"rmccullaghg2@digg.com","gender":"Female"},{"age":46,"email":"sbarrowsg3@apple.com","gender":"Male"},{"age":43,"email":"awareg4@behance.net","gender":"Female"},{"age":57,"email":"jde morenag5@webeden.co.uk","gender":"Female"},{"age":32,"email":"amcduallg6@360.cn","gender":"Female"},{"age":24,"email":"cbracknellg7@blog.com","gender":"Female"},{"age":54,"email":"stuveyg8@timesonline.co.uk","gender":"Female"},{"age":40,"email":"khartrickg9@ucoz.ru","gender":"Female"},{"age":50,"email":"csmallsga@thetimes.co.uk","gender":"Female"},{"age":78,"email":"vserginsongb@smugmug.com","gender":"Female"},{"age":46,"email":"bchitteygc@google.nl","gender":"Male"},{"age":24,"email":"rtrowergd@xing.com","gender":"Male"},{"age":51,"email":"dtollerge@whitehouse.gov","gender":"Male"},{"age":40,"email":"dkainzgf@friendfeed.com","gender":"Female"},{"age":17,"email":"ebonelliegg@prlog.org","gender":"Female"},{"age":41,"email":"clicciardellogh@behance.net","gender":"Female"},{"age":58,"email":"hgoodaylegi@uol.com.br","gender":"Male"},{"age":58,"email":"icoldwellgj@census.gov","gender":"Male"},{"age":26,"email":"gmeneyergk@hostgator.com","gender":"Male"},{"age":57,"email":"wbertomieugl@nhs.uk","gender":"Male"},{"age":54,"email":"alawrenzgm@amazon.co.jp","gender":"Male"},{"age":43,"email":"mredheadgn@psu.edu","gender":"Female"},{"age":7,"email":"acrickgo@dailymail.co.uk","gender":"Male"},{"age":36,"email":"psoutherngp@ebay.com","gender":"Male"},{"age":25,"email":"gmellingsgq@earthlink.net","gender":"Male"},{"age":18,"email":"kkunradgr@infoseek.co.jp","gender":"Female"},{"age":39,"email":"dtraynorgs@paginegialle.it","gender":"Male"},{"age":59,"email":"eaiskrigggt@e-recht24.de","gender":"Female"},{"age":48,"email":"dorbinegu@deviantart.com","gender":"Female"},{"age":36,"email":"pjouanetgv@marriott.com","gender":"Female"},{"age":79,"email":"maldiegw@ovh.net","gender":"Female"},{"age":89,"email":"coldlandgx@lycos.com","gender":"Male"},{"age":64,"email":"dtraceygy@webeden.co.uk","gender":"Female"},{"age":22,"email":"agrisenthwaitegz@tiny.cc","gender":"Female"},{"age":41,"email":"mvicaryh0@youku.com","gender":"Female"},{"age":45,"email":"ahearonsh1@miitbeian.gov.cn","gender":"Female"},{"age":31,"email":"bwillischh2@imdb.com","gender":"Male"},{"age":55,"email":"clambdenh3@bbc.co.uk","gender":"Female"},{"age":20,"email":"lpieronih4@dagondesign.com","gender":"Male"},{"age":28,"email":"ktooleyh5@deviantart.com","gender":"Female"},{"age":17,"email":"jswannh6@businesswire.com","gender":"Male"},{"age":54,"email":"nmeniloveh7@wordpress.org","gender":"Male"},{"age":16,"email":"cfriddh8@dyndns.org","gender":"Female"},{"age":37,"email":"cgavinih9@rakuten.co.jp","gender":"Male"},{"age":52,"email":"mfoulkesha@cloudflare.com","gender":"Female"},{"age":41,"email":"fprestedgehb@marriott.com","gender":"Female"},{"age":49,"email":"fwhytehc@fc2.com","gender":"Male"},{"age":49,"email":"aablewhitehd@seattletimes.com","gender":"Female"},{"age":25,"email":"mdabshe@example.com","gender":"Female"},{"age":66,"email":"nisworthhf@vkontakte.ru","gender":"Male"},{"age":51,"email":"mbirchhg@bigcartel.com","gender":"Male"},{"age":8,"email":"dforgiehh@epa.gov","gender":"Male"},{"age":35,"email":"rpashleyhi@rakuten.co.jp","gender":"Male"},{"age":50,"email":"pvakhrushinhj@netscape.com","gender":"Male"},{"age":45,"email":"skienzlehk@lycos.com","gender":"Female"},{"age":58,"email":"gprenticehl@photobucket.com","gender":"Female"},{"age":79,"email":"ckiffinhm@hibu.com","gender":"Female"},{"age":9,"email":"jbiltonhn@auda.org.au","gender":"Female"},{"age":53,"email":"bbaxterho@barnesandnoble.com","gender":"Female"},{"age":45,"email":"eherrievenhp@clickbank.net","gender":"Female"},{"age":33,"email":"gkenwinhq@squarespace.com","gender":"Male"},{"age":63,"email":"akaasmanhr@ow.ly","gender":"Male"},{"age":36,"email":"fchatainierhs@addthis.com","gender":"Female"},{"age":24,"email":"boseltonht@yellowpages.com","gender":"Female"},{"age":11,"email":"hfranseshu@techcrunch.com","gender":"Female"},{"age":23,"email":"gastlethv@usgs.gov","gender":"Female"},{"age":40,"email":"shorsefieldhw@t-online.de","gender":"Female"},{"age":34,"email":"cstoadehx@microsoft.com","gender":"Male"},{"age":35,"email":"ruziellihy@fema.gov","gender":"Female"},{"age":51,"email":"dyeamanhz@last.fm","gender":"Male"},{"age":69,"email":"smuckeeni0@ehow.com","gender":"Male"},{"age":18,"email":"cbethoi1@reddit.com","gender":"Female"},{"age":39,"email":"kpasticznyki2@ovh.net","gender":"Male"},{"age":6,"email":"gharringtoni3@ameblo.jp","gender":"Female"},{"age":43,"email":"tbelisoni4@fda.gov","gender":null},{"age":72,"email":"lsoamesi5@house.gov","gender":"Male"},{"age":65,"email":"dsambrooki6@stumbleupon.com","gender":"Male"},{"age":67,"email":"dbastimani7@imageshack.us","gender":"Female"},{"age":47,"email":"rroxburghi8@shop-pro.jp","gender":"Male"},{"age":36,"email":"gpavelini9@networkadvertising.org","gender":"Male"},{"age":73,"email":"swellfareia@dagondesign.com","gender":"Female"},{"age":62,"email":"slegonib@quantcast.com","gender":"Female"},{"age":83,"email":"dlangtonic@mediafire.com","gender":null},{"age":58,"email":"eo'donovanid@indiatimes.com","gender":"Female"},{"age":50,"email":"aphillcockie@intel.com","gender":"Female"},{"age":33,"email":"iollerheadif@dot.gov","gender":"Male"},{"age":12,"email":"lbroxtonig@stumbleupon.com","gender":"Male"},{"age":19,"email":"kbarkleyih@rakuten.co.jp","gender":"Male"},{"age":29,"email":"sdreghornii@instagram.com","gender":"Female"},{"age":30,"email":"kmargarsonij@sun.com","gender":"Male"},{"age":45,"email":"vkeywoodik@ustream.tv","gender":"Female"},{"age":64,"email":"mmctrustieil@cam.ac.uk","gender":"Male"},{"age":47,"email":"sbrandtsim@weibo.com","gender":"Male"},{"age":31,"email":"nhugliin@mysql.com","gender":"Female"},{"age":32,"email":"nwillcocksio@umich.edu","gender":"Female"},{"age":56,"email":"lpresideyip@chron.com","gender":"Female"},{"age":33,"email":"rmcneillieiq@imdb.com","gender":"Male"},{"age":52,"email":"tlacknorir@home.pl","gender":"Female"},{"age":41,"email":"mevertis@feedburner.com","gender":"Male"},{"age":21,"email":"kjoseburyit@geocities.jp","gender":"Female"},{"age":27,"email":"crecordiu@desdev.cn","gender":"Female"},{"age":45,"email":"rclilverdiv@go.com","gender":"Male"},{"age":50,"email":"ssimneliw@ucoz.ru","gender":"Male"},{"age":23,"email":"rgirardezix@rambler.ru","gender":"Male"},{"age":24,"email":"gmaasziy@marriott.com","gender":"Female"},{"age":67,"email":"maltimasiz@godaddy.com","gender":"Female"},{"age":46,"email":"mcarlettij0@imdb.com","gender":"Female"},{"age":20,"email":"slodderj1@hhs.gov","gender":"Female"},{"age":48,"email":"ekrolakj2@auda.org.au","gender":"Female"},{"age":27,"email":"cfeechumj3@bizjournals.com","gender":"Female"},{"age":65,"email":"enialsj4@cmu.edu","gender":"Female"},{"age":39,"email":"gcrainj5@rakuten.co.jp","gender":"Female"},{"age":38,"email":"nmacknielyj6@loc.gov","gender":"Male"},{"age":35,"email":"svandenhoffj7@oakley.com","gender":"Male"},{"age":5,"email":"gmckagj8@unicef.org","gender":"Male"},{"age":6,"email":"lde wolfej9@ihg.com","gender":"Female"},{"age":34,"email":"cibbotsonja@businesswire.com","gender":"Female"},{"age":52,"email":"ebauchopjb@delicious.com","gender":"Male"},{"age":36,"email":"msehorschjc@sourceforge.net","gender":"Male"},{"age":71,"email":"eguidottijd@globo.com","gender":"Female"},{"age":21,"email":"omeneghije@etsy.com","gender":"Female"},{"age":27,"email":"fpitbladdojf@google.ru","gender":"Male"},{"age":35,"email":"rkeyworthjg@printfriendly.com","gender":"Male"},{"age":28,"email":"civoryjh@histats.com","gender":"Female"},{"age":64,"email":"ashevellji@skype.com","gender":"Male"},{"age":31,"email":"mmacgaheyjj@yahoo.co.jp","gender":"Female"},{"age":34,"email":"szammettjk@technorati.com","gender":"Female"},{"age":54,"email":"arenwickjl@dailymotion.com","gender":"Female"},{"age":0,"email":"gforsydejm@walmart.com","gender":"Male"},{"age":67,"email":"fleyshonjn@dyndns.org","gender":"Female"},{"age":77,"email":"afardoejo@buzzfeed.com","gender":"Female"},{"age":58,"email":"jmaccartairjp@webnode.com","gender":"Female"},{"age":44,"email":"dianettijq@hexun.com","gender":"Male"},{"age":86,"email":"fstovejr@bandcamp.com","gender":"Female"},{"age":88,"email":"marckolljs@php.net","gender":"Female"},{"age":41,"email":"whallsjt@home.pl","gender":null},{"age":37,"email":"egoodsallju@disqus.com","gender":"Male"},{"age":19,"email":"dmilroyjv@unicef.org","gender":"Female"},{"age":57,"email":"csewalljw@squidoo.com","gender":"Male"},{"age":36,"email":"kmallabonjx@booking.com","gender":"Male"},{"age":68,"email":"nsynnotjy@ustream.tv","gender":"Female"},{"age":78,"email":"ebrownriggjz@usa.gov","gender":"Female"},{"age":28,"email":"arizzolok0@dmoz.org","gender":"Male"},{"age":62,"email":"lmiddiffk1@plala.or.jp","gender":"Female"},{"age":65,"email":"mteeneyk2@vistaprint.com","gender":"Female"},{"age":85,"email":"echestermank3@fastcompany.com","gender":"Female"},{"age":46,"email":"sjendrassikk4@g.co","gender":"Female"},{"age":34,"email":"ldaynek5@liveinternet.ru","gender":"Male"},{"age":32,"email":"gkimblenk6@nih.gov","gender":"Male"},{"age":45,"email":"sstrondk7@google.com.br","gender":"Male"},{"age":77,"email":"asendallk8@mashable.com","gender":"Female"},{"age":37,"email":"evalentink9@myspace.com","gender":"Male"},{"age":60,"email":"craeka@bluehost.com","gender":"Male"},{"age":11,"email":"brodiekb@mail.ru","gender":"Female"},{"age":41,"email":"cbanglekc@ucoz.ru","gender":"Female"},{"age":48,"email":"kschuttkd@ustream.tv","gender":"Female"},{"age":73,"email":"dhundalke@shop-pro.jp","gender":"Female"},{"age":44,"email":"jlossmankf@live.com","gender":"Female"},{"age":50,"email":"ccaswillkg@upenn.edu","gender":"Male"},{"age":12,"email":"sromushkinkh@webs.com","gender":"Female"},{"age":39,"email":"afowellski@amazon.co.uk","gender":"Male"},{"age":49,"email":"mvinaukj@drupal.org","gender":"Female"},{"age":69,"email":"drodenborchkk@sphinn.com","gender":"Female"},{"age":45,"email":"eatgerkl@bluehost.com","gender":"Female"},{"age":31,"email":"fmoormankm@netlog.com","gender":"Male"},{"age":40,"email":"rdu hamelkn@blogs.com","gender":"Female"},{"age":39,"email":"dadamko@mayoclinic.com","gender":"Female"},{"age":47,"email":"sgrisewoodkp@ifeng.com","gender":"Female"},{"age":66,"email":"lfriedenbachkq@delicious.com","gender":"Male"},{"age":68,"email":"aterbeckkr@google.cn","gender":"Female"},{"age":14,"email":"rflawithks@fema.gov","gender":"Female"},{"age":61,"email":"bhansekt@shinystat.com","gender":"Male"},{"age":31,"email":"hharteleyku@marriott.com","gender":"Female"},{"age":53,"email":"cgeoghegankv@i2i.jp","gender":"Female"},{"age":23,"email":"hskellernkw@whitehouse.gov","gender":null},{"age":9,"email":"vmulqueenykx@cbslocal.com","gender":"Female"},{"age":66,"email":"gmilingtonky@gnu.org","gender":"Male"},{"age":45,"email":"azealykz@eepurl.com","gender":"Female"},{"age":92,"email":"droseboroughl0@photobucket.com","gender":"Female"},{"age":70,"email":"myakobowitchl1@bluehost.com","gender":"Female"},{"age":59,"email":"bwillmettl2@gnu.org","gender":"Male"},{"age":42,"email":"rmudgel3@answers.com","gender":"Male"},{"age":34,"email":"bwhitelockl4@yolasite.com","gender":"Female"},{"age":47,"email":"rcransonl5@clickbank.net","gender":"Male"},{"age":27,"email":"nleetheml6@ucoz.com","gender":"Female"},{"age":6,"email":"anencil7@paginegialle.it","gender":"Male"},{"age":23,"email":"scranstonl8@kickstarter.com","gender":"Male"},{"age":54,"email":"efreearl9@dailymotion.com","gender":"Female"},{"age":54,"email":"ubaronla@nps.gov","gender":null},{"age":59,"email":"astarieslb@oakley.com","gender":"Male"},{"age":42,"email":"cmewislc@ftc.gov","gender":"Male"},{"age":62,"email":"jpidgeleyld@eepurl.com","gender":"Female"},{"age":63,"email":"kdrayle@weather.com","gender":"Male"},{"age":58,"email":"nledgisterlf@freewebs.com","gender":"Male"},{"age":66,"email":"wshakshaftlg@wordpress.org","gender":"Female"},{"age":54,"email":"hallpresslh@eepurl.com","gender":"Male"},{"age":37,"email":"mvan weedenburgli@1und1.de","gender":null},{"age":35,"email":"nturnerlj@sciencedirect.com","gender":"Female"},{"age":54,"email":"bskentelburylk@liveinternet.ru","gender":"Male"},{"age":72,"email":"mmurpheyll@yale.edu","gender":"Male"},{"age":34,"email":"clilleymanlm@irs.gov","gender":"Female"},{"age":86,"email":"lcainsln@dell.com","gender":"Male"},{"age":77,"email":"oleathelo@ucla.edu","gender":"Male"},{"age":39,"email":"yklimtlp@yahoo.com","gender":"Female"},{"age":61,"email":"nchokelq@aboutads.info","gender":"Male"},{"age":57,"email":"lackermanlr@mail.ru","gender":"Female"},{"age":26,"email":"cshirlandls@nps.gov","gender":"Male"},{"age":44,"email":"dbiasottilt@vinaora.com","gender":"Female"},{"age":47,"email":"eaveraylu@princeton.edu","gender":"Female"},{"age":31,"email":"ablowfeldelv@t.co","gender":"Female"},{"age":31,"email":"ccoilslw@dedecms.com","gender":"Female"},{"age":41,"email":"wschulelx@wikispaces.com","gender":"Male"},{"age":42,"email":"cmethringhamly@goo.ne.jp","gender":"Female"},{"age":30,"email":"wmoatlz@google.it","gender":"Female"},{"age":42,"email":"gcomellim0@howstuffworks.com","gender":"Female"},{"age":50,"email":"nturvillem1@microsoft.com","gender":"Male"},{"age":9,"email":"dbraddenm2@webs.com","gender":"Female"},{"age":33,"email":"rdavinetm3@mediafire.com","gender":"Male"},{"age":46,"email":"jtunkinm4@archive.org","gender":"Female"},{"age":59,"email":"lshearerm5@ycombinator.com","gender":"Female"},{"age":88,"email":"fgoulbournm6@instagram.com","gender":"Female"},{"age":33,"email":"chammelm7@google.ru","gender":"Female"},{"age":85,"email":"sharmsm8@si.edu","gender":"Male"},{"age":36,"email":"opilpovicm9@sohu.com","gender":"Female"},{"age":47,"email":"kcattrollma@msn.com","gender":null},{"age":59,"email":"cstanleymb@jugem.jp","gender":"Female"},{"age":33,"email":"ssickamoremc@unc.edu","gender":"Male"},{"age":43,"email":"dmatschukmd@reference.com","gender":"Female"},{"age":22,"email":"cstobartme@utexas.edu","gender":"Female"},{"age":47,"email":"llambdinmf@blinklist.com","gender":"Female"},{"age":65,"email":"groiznmg@yale.edu","gender":"Female"},{"age":66,"email":"mbagenalmh@mail.ru","gender":"Male"},{"age":22,"email":"kdraytonmi@statcounter.com","gender":"Male"},{"age":50,"email":"vbrotherwoodmj@wikimedia.org","gender":"Female"},{"age":57,"email":"qspurdonmk@ezinearticles.com","gender":"Male"},{"age":44,"email":"rsanjaml@instagram.com","gender":"Female"},{"age":30,"email":"lexcellmm@domainmarket.com","gender":"Female"},{"age":45,"email":"dcressormn@google.co.uk","gender":"Female"},{"age":62,"email":"kkilmurrymo@google.co.jp","gender":"Male"},{"age":24,"email":"tkeymermp@loc.gov","gender":"Male"},{"age":34,"email":"osearjeantmq@chicagotribune.com","gender":"Male"},{"age":40,"email":"iattenbrowmr@uol.com.br","gender":"Male"},{"age":19,"email":"ljanms@pinterest.com","gender":"Male"},{"age":56,"email":"peasthammt@ihg.com","gender":"Male"},{"age":59,"email":"nkeelermu@etsy.com","gender":"Male"},{"age":59,"email":"lmaciasmv@ezinearticles.com","gender":"Female"},{"age":74,"email":"rtutchenermw@army.mil","gender":"Female"},{"age":52,"email":"cchampnessmx@alexa.com","gender":"Male"},{"age":60,"email":"mmoffatmy@dagondesign.com","gender":"Female"},{"age":63,"email":"nmccamishmz@slashdot.org","gender":"Female"},{"age":33,"email":"cchasmarn0@php.net","gender":"Female"},{"age":28,"email":"rspurgen1@imageshack.us","gender":"Male"},{"age":56,"email":"delcen2@google.es","gender":"Female"},{"age":43,"email":"pmacmarcuisn3@yandex.ru","gender":"Male"},{"age":25,"email":"omeecen4@comsenz.com","gender":"Female"},{"age":39,"email":"clissandrin5@wikispaces.com","gender":"Male"},{"age":48,"email":"uoakwoodn6@fc2.com","gender":"Male"},{"age":54,"email":"apirreyn7@studiopress.com","gender":"Female"},{"age":21,"email":"nknightsbridgen8@foxnews.com","gender":null},{"age":43,"email":"cnorsistern9@yahoo.co.jp","gender":"Male"},{"age":24,"email":"mshorrockna@google.it","gender":"Male"},{"age":38,"email":"mhughesdonnb@topsy.com","gender":"Male"},{"age":54,"email":"bmabsonnc@booking.com","gender":"Male"},{"age":27,"email":"cgyurkond@auda.org.au","gender":"Male"},{"age":23,"email":"hcrocettone@smugmug.com","gender":"Female"},{"age":76,"email":"eandreassonnf@census.gov","gender":"Male"},{"age":52,"email":"cboffeyng@google.fr","gender":"Male"},{"age":74,"email":"mpedleynh@vk.com","gender":"Male"},{"age":23,"email":"bphalipni@smugmug.com","gender":"Male"},{"age":40,"email":"rberesforenj@skyrock.com","gender":"Male"},{"age":39,"email":"rbanghenk@bandcamp.com","gender":"Female"},{"age":83,"email":"smasonl@cam.ac.uk","gender":"Male"},{"age":55,"email":"kmcgenisnm@unicef.org","gender":"Female"},{"age":23,"email":"cbrackennn@weather.com","gender":"Male"},{"age":34,"email":"bknowlysno@economist.com","gender":"Male"},{"age":31,"email":"bo'halligannp@ft.com","gender":"Female"},{"age":3,"email":"hsolonnq@youtube.com","gender":"Male"},{"age":18,"email":"hhenriquetnr@cafepress.com","gender":"Female"},{"age":50,"email":"cgrimestonens@tripadvisor.com","gender":"Female"},{"age":27,"email":"bcaplisnt@zimbio.com","gender":"Female"},{"age":36,"email":"fcullipnu@google.fr","gender":"Female"},{"age":14,"email":"wmurcottnv@barnesandnoble.com","gender":"Male"},{"age":32,"email":"fsydenw@nhs.uk","gender":"Male"},{"age":22,"email":"avaissierenx@reddit.com","gender":"Female"},{"age":31,"email":"ggrunsonny@princeton.edu","gender":"Male"},{"age":9,"email":"lscanderetnz@facebook.com","gender":"Female"},{"age":76,"email":"gmattecoto0@odnoklassniki.ru","gender":"Male"},{"age":58,"email":"ramsdeno1@bbb.org","gender":"Male"},{"age":56,"email":"tlookero2@ocn.ne.jp","gender":"Female"},{"age":13,"email":"amacdavitto3@nbcnews.com","gender":"Male"},{"age":35,"email":"mseckingtono4@geocities.jp","gender":"Male"},{"age":48,"email":"dbonnifaceo5@scientificamerican.com","gender":"Female"},{"age":46,"email":"nrosenbaumo6@craigslist.org","gender":"Female"},{"age":20,"email":"esayleo7@indiegogo.com","gender":"Female"},{"age":70,"email":"fwinstanleyo8@reddit.com","gender":"Male"},{"age":60,"email":"korriceo9@naver.com","gender":"Male"},{"age":97,"email":"hanthesoa@cam.ac.uk","gender":"Male"},{"age":32,"email":"rloxstonob@europa.eu","gender":"Male"},{"age":36,"email":"badderleyoc@drupal.org","gender":"Male"},{"age":60,"email":"ydurrettod@com.com","gender":"Male"},{"age":26,"email":"zpeterkenoe@cbc.ca","gender":"Male"},{"age":54,"email":"ptessierof@businesswire.com","gender":"Male"},{"age":35,"email":"gloxstonog@friendfeed.com","gender":"Male"},{"age":32,"email":"kcurrmoh@cnbc.com","gender":null},{"age":33,"email":"sfitteroi@infoseek.co.jp","gender":"Female"},{"age":55,"email":"cjohnstonoj@sohu.com","gender":"Male"},{"age":30,"email":"hantcliffok@cloudflare.com","gender":"Male"},{"age":53,"email":"bcurtoisol@shop-pro.jp","gender":"Male"},{"age":38,"email":"ppancastom@arstechnica.com","gender":"Male"},{"age":73,"email":"aissatton@reuters.com","gender":"Female"},{"age":10,"email":"rbaleineoo@yellowpages.com","gender":"Male"},{"age":57,"email":"rwetherickop@goodreads.com","gender":"Female"},{"age":54,"email":"sdythamoq@ftc.gov","gender":"Male"},{"age":55,"email":"bhanwellor@nih.gov","gender":"Male"},{"age":36,"email":"escaddonos@examiner.com","gender":null},{"age":29,"email":"lchatterisot@livejournal.com","gender":"Male"},{"age":29,"email":"klowcockou@odnoklassniki.ru","gender":"Female"},{"age":82,"email":"ccarmoov@homestead.com","gender":"Male"},{"age":61,"email":"mdampneyow@bloglovin.com","gender":"Female"},{"age":65,"email":"ssalmonox@macromedia.com","gender":"Male"},{"age":42,"email":"iklaiseroy@123-reg.co.uk","gender":"Male"},{"age":49,"email":"cfleckneyoz@nydailynews.com","gender":"Female"},{"age":38,"email":"hkerbyp0@ezinearticles.com","gender":"Female"},{"age":46,"email":"kvon helmholtzp1@spotify.com","gender":"Male"},{"age":50,"email":"dgossipinp2@t.co","gender":null},{"age":20,"email":"mcritzenp3@reference.com","gender":"Male"},{"age":41,"email":"ggregersenp4@wix.com","gender":"Female"},{"age":39,"email":"dpickaverp5@stumbleupon.com","gender":"Male"},{"age":47,"email":"lstolzep6@biblegateway.com","gender":"Male"},{"age":34,"email":"mfindenp7@hao123.com","gender":"Female"},{"age":49,"email":"trickarseyp8@mozilla.com","gender":"Female"},{"age":54,"email":"rheddyp9@smh.com.au","gender":"Female"},{"age":48,"email":"szelnerpa@tiny.cc","gender":"Female"},{"age":52,"email":"bdaughterypb@sohu.com","gender":"Male"},{"age":65,"email":"emcewanpc@hatena.ne.jp","gender":"Female"},{"age":48,"email":"scrimpepd@foxnews.com","gender":"Female"},{"age":75,"email":"nblemenpe@last.fm","gender":"Male"},{"age":42,"email":"rwillbrahampf@earthlink.net","gender":"Male"},{"age":62,"email":"ctowardpg@slate.com","gender":"Male"},{"age":26,"email":"rbrodheadph@webeden.co.uk","gender":"Male"},{"age":30,"email":"mayshpi@edublogs.org","gender":"Female"},{"age":54,"email":"dhaleypj@cam.ac.uk","gender":"Male"},{"age":41,"email":"csecretpk@i2i.jp","gender":"Male"},{"age":65,"email":"ccollickpl@icq.com","gender":"Male"},{"age":62,"email":"pseaverspm@rediff.com","gender":"Male"},{"age":9,"email":"dcoulespn@dmoz.org","gender":"Male"},{"age":26,"email":"fsyrettpo@joomla.org","gender":"Female"},{"age":81,"email":"ccherrisonpp@artisteer.com","gender":"Male"},{"age":81,"email":"mmagnerpq@google.co.uk","gender":"Female"},{"age":61,"email":"cmccomiskiepr@google.com","gender":"Male"},{"age":48,"email":"mclayalps@lycos.com","gender":"Female"},{"age":46,"email":"wgoldringpt@webnode.com","gender":"Male"},{"age":35,"email":"hcapellepu@illinois.edu","gender":"Male"},{"age":25,"email":"nantonopoulospv@icio.us","gender":"Female"},{"age":52,"email":"hduforepw@pbs.org","gender":"Male"},{"age":25,"email":"bchalkerpx@theglobeandmail.com","gender":"Female"},{"age":65,"email":"ishowlpy@weather.com","gender":"Male"},{"age":34,"email":"nsoggeepz@cnbc.com","gender":"Female"},{"age":60,"email":"bjeandonq0@oakley.com","gender":"Female"},{"age":6,"email":"alidstoneq1@posterous.com","gender":"Male"},{"age":52,"email":"mleightonq2@posterous.com","gender":"Female"},{"age":35,"email":"loulettq3@unblog.fr","gender":"Female"},{"age":48,"email":"nvamplewq4@economist.com","gender":"Female"},{"age":57,"email":"bwelmanq5@google.es","gender":"Male"},{"age":67,"email":"kdomleoq6@nationalgeographic.com","gender":"Female"},{"age":37,"email":"mashlingq7@blogs.com","gender":"Male"},{"age":57,"email":"aleadbitterq8@oracle.com","gender":"Male"},{"age":38,"email":"wlundbeckq9@un.org","gender":"Male"},{"age":37,"email":"ebryerqa@yellowpages.com","gender":"Male"},{"age":40,"email":"troncelliqb@dedecms.com","gender":"Male"},{"age":41,"email":"ckarpeevqc@edublogs.org","gender":"Male"},{"age":80,"email":"mwastieqd@economist.com","gender":"Female"},{"age":35,"email":"wmilbyqe@gravatar.com","gender":null},{"age":43,"email":"bbodycombeqf@shinystat.com","gender":"Male"},{"age":47,"email":"crojqg@de.vu","gender":"Male"},{"age":27,"email":"bberreyqh@baidu.com","gender":"Male"},{"age":52,"email":"opayleqi@japanpost.jp","gender":null},{"age":29,"email":"bormstonqj@digg.com","gender":"Male"},{"age":84,"email":"vvalens-smithqk@behance.net","gender":"Female"},{"age":9,"email":"copdenorthql@cargocollective.com","gender":"Female"},{"age":62,"email":"bvelasquezqm@prweb.com","gender":"Male"},{"age":37,"email":"vawtonqn@seesaa.net","gender":"Female"},{"age":60,"email":"amarshqo@goo.ne.jp","gender":"Male"},{"age":48,"email":"syoullqp@pinterest.com","gender":"Female"},{"age":51,"email":"lneilandqq@independent.co.uk","gender":"Female"},{"age":52,"email":"bllewellenqr@nhs.uk","gender":"Female"},{"age":65,"email":"afawlkesqs@nps.gov","gender":"Female"},{"age":47,"email":"nwanjekqt@behance.net","gender":"Female"},{"age":76,"email":"egonzalvoqu@vkontakte.ru","gender":"Male"},{"age":26,"email":"agrocottqv@ning.com","gender":"Female"},{"age":32,"email":"vo'heneghanqw@dailymail.co.uk","gender":"Male"},{"age":19,"email":"droelvinkqx@networksolutions.com","gender":"Female"},{"age":47,"email":"dsessionsqy@sakura.ne.jp","gender":"Female"},{"age":25,"email":"vkondratenkoqz@cornell.edu","gender":"Male"},{"age":43,"email":"tbrethertonr0@lycos.com","gender":"Female"},{"age":65,"email":"srenfrewr1@shinystat.com","gender":"Female"},{"age":47,"email":"jjoiceyr2@theatlantic.com","gender":"Male"},{"age":20,"email":"bborleacer3@naver.com","gender":"Male"},{"age":33,"email":"lmackeer4@reference.com","gender":"Female"},{"age":37,"email":"mpaolicchir5@utexas.edu","gender":"Female"},{"age":52,"email":"lgaliar6@lycos.com","gender":"Female"},{"age":25,"email":"ldemcakr7@networksolutions.com","gender":"Female"},{"age":35,"email":"ide giorgior8@360.cn","gender":"Male"},{"age":41,"email":"mmctrustyr9@jugem.jp","gender":"Male"},{"age":63,"email":"ekohnra@amazonaws.com","gender":"Male"},{"age":35,"email":"mmillmorerb@hatena.ne.jp","gender":"Male"},{"age":20,"email":"lchaudrellerc@soup.io","gender":"Male"},{"age":43,"email":"iavramovitzrd@ft.com","gender":"Female"},{"age":32,"email":"rreaneyre@canalblog.com","gender":"Female"},{"age":30,"email":"sscawnrf@businessinsider.com","gender":"Male"},{"age":48,"email":"lharbronrg@slashdot.org","gender":"Male"},{"age":37,"email":"pgurnayrh@uiuc.edu","gender":"Male"},{"age":31,"email":"ckyngeri@hp.com","gender":"Female"},{"age":55,"email":"cboothroydrj@yellowbook.com","gender":null},{"age":14,"email":"kbrunkerrk@hibu.com","gender":"Male"},{"age":65,"email":"sleallerl@wikia.com","gender":"Female"},{"age":38,"email":"kbeefonrm@vkontakte.ru","gender":"Female"},{"age":3,"email":"pstroulgerrn@time.com","gender":"Female"},{"age":49,"email":"kbasnettro@seattletimes.com","gender":"Female"},{"age":75,"email":"pmortlockrp@liveinternet.ru","gender":"Male"},{"age":81,"email":"sphetterq@toplist.cz","gender":"Male"},{"age":70,"email":"jtyresrr@slashdot.org","gender":"Male"}]